filename,resume_text,skills,skill_categories
resume1.txt,"张三
电话：138-0013-8000 | 邮箱：zhangsan@email.com | 地点：北京

个人简介
资深全栈开发工程师，5年互联网行业经验，精通Python、Java和JavaScript技术栈，熟悉微服务架构和云原生技术。具备丰富的Web应用开发和系统架构设计经验，擅长高并发、高性能系统开发。

技术技能
• 编程语言：Python 3.9, Java 11, JavaScript (ES6+), TypeScript, Go
• 前端框架：React 18, Vue 3, Next.js, Ant Design, Tailwind CSS
• 后端框架：Django 4.0, Flask 2.0, Spring Boot 2.7, Express.js
• 数据库：MySQL 8.0, PostgreSQL 14, MongoDB 6.0, Redis 7.0, Elasticsearch 8.5
• 云平台：AWS (EC2, S3, Lambda), Azure, 阿里云 (ECS, RDS, OSS)
• DevOps工具：Docker 24.0, Kubernetes 1.28, Jenkins, GitLab CI, GitHub Actions
• 版本控制：Git, SVN
• 操作系统：Linux (Ubuntu 22.04, CentOS 7), Windows, macOS
• 其他工具：JIRA, Confluence, Postman, Swagger, Figma, Webpack, Vite

工作经历
高级软件工程师 | ABC科技有限公司 | 2021.06 - 至今
• 主导开发基于微服务架构的电商平台，使用Spring Boot + React技术栈
• 负责数据库设计和优化，MySQL查询性能提升300%
• 实施CI/CD流水线，使用Jenkins和Docker实现自动化部署
• 使用Redis缓存热点数据，系统响应时间从2s降低到200ms
• 监控系统搭建，使用Prometheus + Grafana进行性能监控

软件工程师 | XYZ互联网公司 | 2019.03 - 2021.05
• 开发数据分析平台，使用Python + Django + Vue.js
• 集成Elasticsearch实现全文搜索功能，支持千万级数据检索
• 使用AWS云服务部署应用，包括EC2、S3、RDS等服务
• 实现基于JWT的用户认证和权限管理系统
• 编写自动化测试脚本，使用pytest和Selenium

项目经验
智能推荐系统 | Python, TensorFlow, MySQL, Redis
• 使用机器学习算法实现个性化商品推荐
• 数据处理使用Pandas和NumPy，模型训练使用TensorFlow 2.0
• 部署在Docker容器中，使用Kubernetes进行集群管理

实时聊天应用 | Node.js, Socket.IO, MongoDB, Redis
• 实现实时消息推送功能，支持万人同时在线
• 使用MongoDB存储聊天记录，Redis存储在线用户状态
• 前端使用React + WebSocket实现双向通信

教育背景
北京大学 | 计算机科学与技术 | 硕士 | 2016.09 - 2019.06
清华大学 | 软件工程 | 学士 | 2012.09 - 2016.06

证书
• AWS Certified Solutions Architect – Associate
• Oracle Certified Professional, Java SE 11 Developer
• PMP项目管理专业人士认证

自我评价
热爱技术，持续学习新技术，关注前沿技术发展。具备良好的团队协作能力和沟通能力，能够快速适应新环境。对代码质量有严格要求，注重软件工程最佳实践。","Kubernetes, MySQL, Spring, Flask, Go, Django, JavaScript, TypeScript, Redis, Vue, MongoDB, Next.js, Java, Azure, 阿里云, Python, Jenkins, Docker, Elasticsearch, PostgreSQL, React, AWS","Kubernetes:DevOps工具, MySQL:数据库, Spring:后端框架, Flask:后端框架, Go:编程语言, Django:后端框架, JavaScript:编程语言, TypeScript:编程语言, Redis:数据库, Vue:前端框架, MongoDB:数据库, Next.js:前端框架, Java:编程语言, Azure:云平台与基础设施, 阿里云:云平台与基础设施, Python:编程语言, Jenkins:DevOps工具, Docker:DevOps工具, Elasticsearch:数据库, PostgreSQL:数据库, React:前端框架, AWS:云平台与基础设施"
resume2.txt,"姓名：王五
教育背景：复旦大学信息管理与信息系统专业，本科
工作经验：6年
技能：
- 熟练 Python、R、MATLAB 进行数据分析与机器学习
- 深入了解 TensorFlow、PyTorch、Scikit-learn
- 数据库：ClickHouse、InfluxDB、Elasticsearch
- 云平台：AWS、Azure
- DevOps 工具：Ansible、Terraform、Prometheus
项目经验：
- AI 推荐系统：使用 Python + PyTorch 构建深度学习推荐模型
- 大数据日志分析平台：Elasticsearch + ClickHouse 实现日志查询与分析","Ansible, ClickHouse, Scikit-learn, 机器学习, MATLAB, Prometheus, PyTorch, Terraform, R, InfluxDB, Azure, TensorFlow, Python, Elasticsearch, AWS","Ansible:DevOps工具, ClickHouse:数据库, Scikit-learn:人工智能与大模型, 机器学习:人工智能与大模型, MATLAB:编程语言, Prometheus:DevOps工具, PyTorch:人工智能与大模型, Terraform:DevOps工具, R:编程语言, InfluxDB:数据库, Azure:云平台与基础设施, TensorFlow:人工智能与大模型, Python:编程语言, Elasticsearch:数据库, AWS:云平台与基础设施"
resume3.txt,"姓名：李四
教育背景：北京大学软件工程专业，本科
工作经验：3年
技能：
- 编程语言：Go、JavaScript、TypeScript
- 前端框架：Vue、Angular、Bootstrap
- 后端框架：Spring Boot、Express
- 数据库：Redis、SQLite、MongoDB
- 云平台：Google Cloud、华为云
- DevOps：Git、Docker、CircleCI
项目经验：
- 移动社交应用开发：使用 Vue + Go 实现高性能后端服务
- 金融数据处理：使用 Spring Boot + Redis 构建实时数据服务","Spring, Go, 华为云, JavaScript, Git, TypeScript, Redis, MongoDB, Vue, Express, Bootstrap, SQLite, Docker, CircleCI, Angular","Spring:后端框架, Go:编程语言, 华为云:云平台与基础设施, JavaScript:编程语言, Git:版本控制, TypeScript:编程语言, Redis:数据库, MongoDB:数据库, Vue:前端框架, Express:后端框架, Bootstrap:前端框架, SQLite:数据库, Docker:DevOps工具, CircleCI:DevOps工具, Angular:前端框架"
